Company,Address,Loadtimes,Timewindow
Mypup,"H.J.E. Wenckebachweg 6 V15, 1096 AN Amsterdam NL",0,"(0, 14400)"
    ABN AMRO FOP ,"Foppingadreef 22, 1102 BS Amsterdam NL",20,"(9000, 14400)"
    ABN AMRO GML ,"Gustav Mahlerlaan 10, 1082 PP Amsterdam NL",20,"(9000, 14400)"
    Adam Smith ,"Thomas R. Malthusstraat 1-3, 1066 JR AMSTERDAM NL",5,"(0, 14400)"
    Allen & Overy ,"Apollolaan 15, 1077 AB Amsterdam NL",15,"(0, 14400)"
    AMC J0 ,"Meibergdreef 9 (ingang faculteit), 1105 AZ Amsterdam-Zuidoost NL",10,"(0, 14400)"
    AMC M01 ,"Meibergdreef 9, 1105 AZ AMSTERDAM NL",12,"(0, 14400)"
    Antoni van Leeuwenhoek Nederlands Kanker Instituut ,"Plesmanlaan 121, 1066 CX Amsterdam NL",15,"(0, 14400)"
    Booking.com Atrium ,"Parnasusweg 713-721, 1077DG Amsterdam NL",10,"(0, 14400)"
    Booking.com Aurora ,"Stadhouderskade 2, 1054 ES Amsterdam NL",15,"(0, 14400)"
    Booking.com Bloom House ,"Singel 540, 1017 AZ AMSTERDAM NL",20,"(0, 14400)"
    Booking.com Nieuwe Weteringstraat ,"Nieuwe Weteringstraat 36-38, 1017 ZX AMSTERDAM NL",15,"(0, 14400)"
    Booking.com Piet Hein servicedesk ,"Piet HeinKade 61, 1019 GM AMSTERDAM NL",25,"(0, 14400)"
    Booking.com Prins & Keizer ,"Vijzelstraat 68, 1017 HL Amsterdam NL",60,"(0, 14400)"
    Booking.com The Bank,"Herengracht 597, 1017 CE Amsterdam NL",60,"(0, 14400)"
    Bright Offices La Guardiaweg ,"La Guardiaweg 94-114, 1043 DL Amsterdam NL",5,"(0, 14400)"
    CBRE The Core ,"Anthony Fokkerweg 15, 1059 CM Amsterdam NL",5,"(0, 14400)"
    De Keizer Amstelveen ,"Christiaan Huygenshof 1, 1185 XH AMSTELVEEN NL",5,"(0, 14400)"
    Epicenter A'dam ,"Fred Roeskestraat 115-117-123, 1076 EE Amsterdam NL",8,"(0, 14400)"
    Halve Maen ,"Spadinalaan 94 t/m 266, 1031KA Amsterdam NL",5,"(0, 14400)"
    Heineken Zoeterwoude ,"Burgemeester Smeetsweg 1, 2382 PH Zoeterwoude NL",5,"(0, 3600)"
    Holland Park Blok 6 ,"Eekholt 42, Blok 6, 1112XH Diemen NL",5,"(0, 14400)"
    Holland Park Blok 7 ,"Eekholt 42, Blok 7, 1112 XH Amsterdam NL",5,"(0, 14400)"
    Holland Park Toren 3 ,"Eekholt 42, toren 3, 1112XH Diemen NL",5,"(0, 14400)"
    Holland Park Toren 4 ,"Eekholt 42, toren 4, 1112 XH Amsterdam NL",5,"(0, 14400)"
    HUT Beursstraat ,"Beursstraat 33, 1012 JV AMSTERDAM NL",5,"(0, 3600)"
    HUT Warmoesstraat ,"Warmoesstraat 44-50, 1012JE Amsterdam NL",5,"(0, 3600)"
    HVA DMH ,"Dokter Meurerlaan 8 Sportcampus, 1067SM Amsterdam NL",5,"(0, 14400)"
    HVA FMB ,"Businesscampus, Fraijlemaborg 133, 1102CV Amsterdam NL",5,"(0, 14400)"
    HVA KSH ,"Wibautstraat 2-4 KSH Amstelcampus, 1091GM Amsterdam NL",5,"(0, 14400)"
    HVA NTH ,"Tafelbergweg 51 Gezondheidscampus , 1105BD Amsterdam NL",5,"(0, 14400)"
    HVA WBH ,"Wibautstraat 3b, 1091GH Amsterdam NL",5,"(0, 14400)"
    IBM HDK 0 ,"Johan Huizingalaan 765, 1066 VH Amsterdam NL",10,"(0, 14400)"
    IJland I 930 - 1064 ,"Bert Haanstra kade IJland I - 906 t/m 1064, 1087HM Amsterdam NL",5,"(0, 14400)"
    IJland II 794 - 920 ,"Bert Haanstra kade IJland II - 794 t/m 920, 1087HM Amsterdam NL",5,"(0, 14400)"
    IJland III 662 - 788 ,"Bert Haanstra kade IJland III - 662 t/m 788, 1087HM Amsterdam NL",5,"(0, 14400)"
    IJland IV 526 - 652 ,"Bert Haanstra kade pand IV - Ijburg, 1087HM Amsterdam NL",5,"(0, 14400)"
    Infinity ,"Amstelveenseweg 500, 1081 KL Amsterdam NL",5,"(0, 14400)"
    ING ACT Amsterdam ,"Bijlmerdreef 24 , 1102 CT AMSTERDAM NL",15,"(0, 14400)"
    Joan Muyskenweg 4 ,"Joan Muyskenweg 4, 1096 CJ Amsterdam NL",5,"(0, 14400)"
    Joan Muyskenweg 6 ,"Joan Muyskensweg 6, 1096 CJ Amsterdam NL",5,"(0, 14400)"
    KLM Bemanningscentrum ,"Havenmeesterweg 27, 1118 CB Amsterdam NL",10,"(0, 14400)"
    Laan van Langerhuize 1 ,"Laan van Langerhuize 1, 1186 DS AMSTELVEEN NL",15,"(0, 14400)"
    Liberty Global ,"Boeing Avenue 53, 1119 PE Schiphol-rijk NL",60,"(0, 14400)"
    Nationale Nederlanden Amsterdam ,"Amstelplein 6, 1096 BC AMSTERDAM NL",5,"(0, 14400)"
    Netflix Amsterdam ,"Stadhouderskade 55, 1072 AB Amsterdam NL",15,"(3600, 14400)"
    Newday Offices Almere ,"P.J. Oudweg 41, 1314 CJ Almere NL",5,"(0, 14400)"
    Nieuw Amsterdam ,"Hoekenrode 3, 1102BR Amsterdam NL",5,"(0, 14400)"
    OurCampus Amsterdam Diemen ,"Dalsteindreef 2002, 1112 XC Diemen NL",60,"(0, 14400)"
    OurDomain Amsterdam Diemen ,"Dalsteindreef 2002, 1112 XC Diemen NL",15,"(0, 14400)"
    Palo Alto Networks ,"De Entrée 99-197, Oval Tower, Floor 1, 1101 HE Amsterdam NL",5,"(0, 14400)"
    PwC Amsterdam ,"Thomas R. Malthusstraat 5, 1066 JR AMSTERDAM NL",10,"(0, 14400)"
    Q Port ,"Kingsfordweg 43-117 , 1043 GP Amsterdam NL",5,"(0, 14400)"
    Quarter Avenue ,"Condensatorweg 54, 1014 AX AMSTERDAM NL",5,"(0, 14400)"
    Quarter Plaza ,"Transformatorweg 74, 1014 AK AMSTERDAM NL",5,"(0, 14400)"
    Quarter Podium ,"Gatwickstraat 9-39, 1043 GL AMSTERDAM NL",5,"(0, 14400)"
    Spakler ,"Spaklerweg 12 C, 1096 BA Amsterdam NL",5,"(0, 14400)"
    Spicalaan Hoofddorp ,"Spicalaan 1-59, 2132 JG Hoofddorp NL",5,"(0, 14400)"
    Statendam ,"Ceramiquelaan-Hammerbystraat, 1031KA Amsterdam NL",5,"(0, 14400)"
    Symphony Offices ,"Gustav Mahlerlaan 405, 1082 MK Amsterdam NL",10,"(0, 14400)"
    The Curve ,"Tt. Vasumweg 58, 1032 KK AMSTERDAM NL",5,"(0, 14400)"
    TomTom DRK ,"De Ruijterkade 154, 1011 AC AMSTERDAM NL",10,"(0, 14400)"
    TomTom ODE ,"Oosterdoksstraat 114, 1011 DK AMSTERDAM NL",10,"(0, 14400)"
    UP ,"Piet Heinkade 55, 1019 GM Amsterdam NL",5,"(0, 14400)"
    UVA BH / OIH ,"Kloveniersburgwal 48, 1012CX Amsterdam NL",5,"(0, 14400)"
    UVA HVA LWB Privé ,"Weesperzijde 190, 1097DZ Amsterdam NL",5,"(0, 14400)"
    UVA PCH ,"Spuistraat 134, 1012VB Amsterdam NL",5,"(0, 14400)"
    UVA REC ABC ,"Nieuwe Achtergracht 166, 1018 WV  Amsterdam NL",5,"(0, 14400)"
    UVA REC M ,"Plantage Muidergracht 12, 1018TV Amsterdam NL",5,"(0, 14400)"
    UVA SP904 ,"Science Park 904, 1098XH Amsterdam NL",5,"(0, 14400)"
    UVA UB Singel 425 ,"Singel 425, 1012WP Amsterdam NL",5,"(0, 14400)"
    WTC Amsterdam Toren B ,"Strawinskylaan 1, 1077 XW Amsterdam NL",5,"(0, 14400)"
    WTC Amsterdam Toren I ,"Strawinskylaan 1, 1077 XW AMSTERDAM NL",10,"(0, 14400)"
    WTC Schiphol ,"Schiphol Boulevard 127, 1118 BK Schiphol NL",10,"(0, 14400)"
    Ymere ,"Jollemanhof 21, 1019GW Amsterdam NL",10,"(0, 14400)"
    Yolt ,"Hoogoorddreef 60, 1101BE Amsterdam NL",10,"(0, 14400)"
    YoungCapital ,"Siriusdreef 12, 2132 WT Hoofddorp NL",5,"(0, 14400)"
